INSERT INTO artist(artist_id, name_artist, firstname_artist, birthday_artist)
VALUES (1, 'CLEMENT', 'Fabien', '1981-05-15'),
       (2, 'NOEL', 'Gerard', '1986-11-13'),
       (3, 'LECLERQ', 'Lucas', '1979-07-02'),
       (4, 'BRUN', 'Valentin', '1983-10-16'),
       (5, 'ROBIN', 'Herve', '1989-07-21'),
       (6, 'LUCAS', 'Nicolas', '2001-05-23'),
       (7, 'MENARD', 'Antoine', '1990-01-01'),
       (8, 'BARRETTE', 'Edouard', '1956-11-11'),
       (9, 'BONNEVILLE', 'La Roux', '1976-02-28'),
       (10, 'TRUDEAU', 'Fabien', '1979-04-26'),
       (11, 'BISSON', 'Gaston', '1960-10-11'),
       (12, 'VALLEE', 'Tabor', '1964-02-12'),
       (13, 'BOLDUC', 'Courtland', '1992-06-01'),
       (14, 'DUCLOS', 'Victorine', '1989-12-04'),
       (15, 'GAMELIN', 'Evrard', '1988-08-02'),
       (16, 'MARTINEAU', 'Curtis', '1957-10-31'),
       (17, 'DUPUIS', 'Armand', '1937-06-25'),
       (18, 'BERTHIAUME', 'Fleur', '2017-04-30'),
       (19, 'METIVIER', 'Eliot', '2005-04-24'),
       (20, 'DIONNE', 'Mavise', '1993-12-06'),
       (21, 'SAUVE', 'Caroline', '1948-10-24'),
       (22, 'GAILLARD', 'Rive', '1951-01-22'),
       (23, 'FOUCAULT', 'Alexis', '1957-09-09'),
       (24, 'ROCHELEAU', 'Yves', '1957-04-25'),
       (25, 'GUERIN', 'Alexandre', '1983-02-10'),
       (26, 'LAVALLEE', 'Emmanuelle', '2004-06-28'),
       (27, 'SALOIS', 'Anne', '1994-08-04'),
       (28, 'BEAUCHAMP', 'Elisabeth', '1967-04-17'),
       (29, 'GUIMOND', 'Aymon', '1958-03-23'),
       (30, 'DUFOUR', 'Donatien', '2006-06-29'),
       (31, 'SIMARD', 'Sargent', '1943-02-05'),
       (32, 'MARIER', 'Pascaline', '2000-04-24'),
       (33, 'VACHON', 'Jeanette', '1998-02-16'),
       (34, 'CHASTAIN', 'Aloin', '1961-08-20'),
       (35, 'LEVESQUE', 'Senapsus', '1947-09-09'),
       (36, 'DAGENAIS', 'Victoire', '2006-10-01'),
       (37, 'LEROUX', 'Auda', '1979-05-19'),
       (38, 'CLAVET', 'Aubin', '2011-08-14'),
       (39, 'AUBE', 'Martine', '1953-10-10'),
       (40, 'GIROUX', 'Belisarda', '1984-09-11'),
       (41, 'DU TRIEUX', 'Zdenek', '2015-12-27'),
       (42, 'BRIARD', 'Audrey', '1993-04-18'),
       (43, 'DESJARDINS', 'Martin', '1964-04-08'),
       (44, 'JOLY', 'Orlene', '1987-01-27'),
       (45, 'ROCHELEAU', 'Blanche', '2002-07-06'),
       (46, 'CADIEUX', 'Avenall', '1976-09-06'),
       (47, 'MIGUEL', 'William', '1946-11-12'),
       (48, 'JALBERT', 'Pascal', '2014-04-25'),
       (49, 'GUAY', 'Tristan', '1971-02-16'),
       (50, 'GANDBOIS', 'Methena', '2011-04-06'),
       (51, 'COVILLON', 'Nouel', '1947-06-18'),
       (52, 'GREGOIRE', 'Timothee', '1996-11-10'),
       (53, 'CHARRETTE', 'Arridano', '1946-05-02'),
       (54, 'LIZOTTE', 'Andre', '2001-10-04'),
       (55, 'SAVARD', 'Laurence', '2002-09-11'),
       (56, 'LAPIERRE', 'Aleron', '2008-10-01'),
       (57, 'MOREAU', 'Alphonse', '2015-03-17'),
       (58, 'PANETIER', 'Aime', '1964-12-04'),
       (59, 'METHOT', 'Albert', '1978-03-24'),
       (60, 'JEAN', 'Pierre', '1995-09-01'),
       (61, 'BARBIER', 'Roux', '1940-04-08');

INSERT INTO producer(producer_id, name_producer, firstname_producer)
VALUES (1, 'GAULIN', 'Morgana'),
       (2, 'DAVIS', 'Cham'),
       (3, 'MCGREW', 'Ralph'),
       (4, 'BARRY', 'Joseph'),
       (5, 'PATRICK', 'Scott'),
       (6, 'KING', 'Maria'),
       (7, 'BAND', 'Charles'),
       (8, 'COPPOLA', 'Ford'),
       (9, 'HURD', 'Anne'),
       (10, 'NAGATA', 'Masaichi'),
       (11, 'FONG', 'Mona'),
       (12, 'SPIELBERG', 'Steven'),
       (13, 'BELOLO', 'Henri'),
       (14, 'GODRICH', 'Nigel'),
       (15, 'KEN', 'Scott'),
       (16, 'MARTIN', 'Georges'),
       (17, 'SPECTOR', 'Jones'),
       (18, 'EMERICK', 'GEOFF'),
       (19, 'DREAM', 'Charles'),
       (20, 'RUBIN', 'Rick'),
       (21, 'William', 'Jones');

INSERT INTO actor(artist_id)
VALUES 	(32),
      	(5),
      	(54),
      	(40),
      	(30),
      	(58),
      	(7),
      	(8),
      	(53),
      	(20),
      	(31),
      	(2),
      	(61),
      	(1),
      	(49),
      	(3),
      	(22),
      	(25),
      	(10),
      	(34),
      	(11),
      	(45),
      	(27),
      	(12),
      	(19),
      	(37),
      	(23),
      	(33),
      	(6),
      	(43);

INSERT INTO musician(musician_id, artist_id, style)
VALUES 	(0, 5,'Funk'),
      	(1, 51,'Reggae'),
      	(2, 23,'Reggae'),
      	(3, 33,'Hip-hop'),
      	(4, 29,'Blues'),
      	(5, 25,'Hip-hop'),
      	(6, 32,'Metal'),
      	(7, 27,'Electro'),
      	(8, 52,'Jazz'),
      	(9, 30,'Reggae'),
      	(10, 40,'Country'),
      	(11, 60,'Pop'),
      	(12, 2,'Rock'),
      	(13, 37,'Electro'),
      	(14, 9,'Hip-hop'),
      	(15, 31,'Jazz'),
      	(16, 22,'Reggae'),
      	(17, 49,'Metal'),
      	(18, 39,'Punk'),
      	(19, 45,'Electro'),
      	(20, 61,'Folk'),
      	(21, 44,'Punk'),
      	(22, 58,'Rock'),
      	(23, 1,'Rap'),
      	(24, 48,'Metal'),
      	(25, 55,'Folk'),
      	(26, 28,'Rock'),
      	(27, 17,'Electro'),
      	(28, 41,'Electro'),
      	(29, 53,'Folk'),
      	(30, 11,'Country'),
      	(31, 34,'Electro'),
      	(32, 47,'Punk'),
      	(33, 54,'Rap'),
      	(34, 18,'Jazz'),
      	(35, 12,'Rap'),
      	(36, 10,'Electro'),
      	(37, 19,'Soul'),
      	(38, 56,'Folk'),
      	(39, 42,'Rap');

INSERT INTO language(actor_id, country)
VALUES 	(53,'Ourdou'),
      	(1,'Hindi'),
      	(34,'Bengali'),
      	(5,'Ourdou'),
      	(54,'Russe'),
      	(53,'Anglais'),
      	(2,'Arabe'),
      	(34,'Anglais'),
      	(1,'Russe'),
      	(43,'Ourdou'),
      	(11,'Hindi'),
      	(37,'Russe'),
      	(7,'Français'),
      	(10,'Mandarin'),
      	(37,'Hindi'),
      	(8,'Arabe'),
      	(43,'Russe'),
      	(3,'Anglais'),
      	(22,'Ourdou'),
      	(23,'Hindi'),
      	(3,'Ourdou'),
      	(27,'Portugais'),
      	(10,'Ourdou'),
      	(45,'Espagnol'),
      	(34,'Mandarin'),
      	(5,'Russe'),
      	(43,'Portugais'),
      	(54,'Ourdou'),
      	(10,'Arabe'),
      	(12,'Portugais');

INSERT INTO critic(artist_id, remarque)
VALUES 	(11,0),
      	(24,4),
      	(43,7),
      	(38,1),
      	(4,3),
      	(45,3),
      	(50,2),
      	(57,8),
      	(48,0),
      	(35,9),
      	(14,7),
      	(33,5),
      	(40,0),
      	(61,2),
      	(33,1),
      	(25,0),
      	(55,5),
      	(27,4),
      	(4,6),
      	(49,6),
      	(13,6),
      	(12,2),
      	(16,4),
      	(39,7),
      	(16,3),
      	(53,2),
      	(53,8),
      	(59,5),
      	(51,0),
      	(16,6),
      	(54,6),
      	(41,5),
      	(58,3),
      	(54,5),
      	(14,2),
      	(42,1),
      	(9,1),
      	(33,8),
      	(34,8),
      	(1,8),
      	(3,2),
      	(27,3),
      	(52,3),
      	(1,6),
      	(9,5),
      	(6,1),
      	(39,9),
      	(4,5),
      	(58,6),
      	(14,9),
      	(59,0),
      	(11,9),
      	(3,2),
      	(48,4),
      	(59,8),
      	(12,0),
      	(44,9),
      	(48,8),
      	(5,1),
      	(40,2),
      	(55,4),
      	(46,6),
      	(34,9),
      	(10,5),
      	(46,5),
      	(53,8),
      	(25,7),
      	(28,4),
      	(7,1),
      	(33,8),
      	(44,3),
      	(7,1),
      	(59,3),
      	(23,6),
      	(23,2),
      	(31,8),
      	(32,4),
      	(61,4),
      	(27,7),
      	(11,2),
      	(39,7),
      	(9,3),
      	(17,5),
      	(8,1),
      	(49,1),
      	(45,0),
      	(48,1),
      	(46,2),
      	(13,3),
      	(19,7),
      	(52,0),
      	(6,8),
      	(48,1),
      	(59,3),
      	(52,9),
      	(47,3),
      	(45,5),
      	(13,0),
      	(21,3),
      	(43,6),
      	(24,0),
      	(25,9),
      	(4,4),
      	(10,7),
      	(10,2),
      	(58,7),
      	(7,1),
      	(31,0),
      	(54,9),
      	(2,2),
      	(10,5),
      	(50,4),
      	(43,5),
      	(15,4),
      	(60,7),
      	(37,5),
      	(24,7),
      	(52,7),
      	(23,7),
      	(15,5),
      	(18,8),
      	(30,9),
      	(61,2),
      	(26,3),
      	(28,1),
      	(31,0),
      	(13,7),
      	(23,4),
      	(39,5),
      	(43,6),
      	(58,8),
      	(28,9),
      	(44,9),
      	(46,1),
      	(24,2),
      	(15,1),
      	(58,3),
      	(38,1),
      	(24,9),
      	(31,3),
      	(33,2),
      	(13,6),
      	(18,3),
      	(32,0),
      	(51,3),
      	(35,6),
      	(49,9),
      	(9,8),
      	(6,0),
      	(32,0),
      	(27,3),
      	(36,9),
      	(4,9),
      	(50,2),
      	(17,0),
      	(8,3),
      	(48,0),
      	(21,4),
      	(45,2),
      	(44,5),
      	(21,3),
      	(12,8),
      	(56,7),
      	(58,9),
      	(27,9),
      	(10,0),
      	(46,0),
      	(13,6),
      	(5,0),
      	(36,9),
      	(28,7),
      	(6,3),
      	(22,6),
      	(18,0),
      	(45,4),
      	(19,7),
      	(11,7),
      	(50,6),
      	(22,1),
      	(25,2),
      	(14,6),
      	(22,7),
      	(54,5),
      	(53,6),
      	(8,7),
      	(32,7),
      	(34,6),
      	(12,2),
      	(59,9),
      	(5,2),
      	(16,5),
      	(61,3),
      	(1,2),
      	(20,7),
      	(19,1),
      	(50,9),
      	(14,7),
      	(50,3),
      	(44,0),
      	(12,7);

INSERT INTO contract_agency_artist(contract_aa_id, artist_id, type_contract, start_date_contract_aa, end_date_contract_aa, percentage)
VALUES 	(1,56,TRUE,'2022-11-25','2023-10-28',22),
      	(2,44,FALSE,NULL,NULL,6),
      	(3,23,FALSE,NULL,NULL,8),
      	(4,32,TRUE,'2021-4-17','2025-10-28',13),
      	(5,19,FALSE,NULL,NULL,9),
      	(6,30,FALSE,NULL,NULL,26),
      	(7,15,FALSE,NULL,NULL,28),
      	(8,41,FALSE,NULL,NULL,14),
      	(9,11,FALSE,NULL,NULL,22),
      	(10,53,TRUE,'2022-12-4','2026-8-28',12),
      	(11,29,FALSE,NULL,NULL,17),
      	(12,43,TRUE,'2011-5-15','2025-12-28',20),
      	(13,18,FALSE,NULL,NULL,21),
      	(14,28,FALSE,NULL,NULL,22),
      	(15,57,TRUE,'2021-3-27','2025-10-28',6),
      	(16,7,TRUE,'2021-2-23','2024-8-28',9),
      	(17,55,FALSE,NULL,NULL,28),
      	(18,34,FALSE,NULL,NULL,33),
      	(19,17,TRUE,'2021-2-15','2023-11-28',16),
      	(20,12,FALSE,NULL,NULL,36),
      	(21,49,TRUE,'2021-1-7','2023-10-28',32),
      	(22,21,FALSE,NULL,NULL,5),
      	(23,52,FALSE,NULL,NULL,38),
      	(24,5,FALSE,NULL,NULL,17),
      	(25,51,FALSE,NULL,NULL,18),
      	(26,54,FALSE,NULL,NULL,36),
      	(27,25,FALSE,NULL,NULL,11),
      	(28,4,TRUE,'2017-8-12','2025-9-28',38),
      	(29,27,FALSE,NULL,NULL,37),
      	(30,8,FALSE,NULL,NULL,29),
      	(31,61,TRUE,'2014-6-25','2026-8-28',10),
      	(32,60,FALSE,NULL,NULL,39),
      	(33,22,TRUE,'2017-3-21','2024-12-28',10),
      	(34,48,FALSE,NULL,NULL,14),
      	(35,59,TRUE,'2015-1-12','2024-9-28',40),
      	(36,9,TRUE,'2021-6-11','2022-8-28',32),
      	(37,14,FALSE,NULL,NULL,34),
      	(38,40,TRUE,'2018-10-11','2026-12-28',33),
      	(39,31,FALSE,NULL,NULL,34),
      	(40,47,FALSE,NULL,NULL,14),
      	(41,33,FALSE,NULL,NULL,12),
      	(42,1,TRUE,'2017-10-7','2023-9-28',25),
      	(43,50,FALSE,NULL,NULL,26),
      	(44,3,TRUE,'2018-7-8','2024-9-28',37),
      	(45,20,TRUE,'2010-4-23','2024-10-28',28),
      	(46,6,TRUE,'2010-11-3','2025-11-28',24),
      	(47,26,TRUE,'2021-5-20','2022-9-28',40),
      	(48,24,TRUE,'2013-7-17','2024-9-28',10),
      	(49,13,FALSE,NULL,NULL,10),
      	(50,58,FALSE,NULL,NULL,28),
      	(51,46,TRUE,'2018-9-25','2023-12-28',37),
      	(52,45,TRUE,'2018-8-2','2025-11-28',16),
      	(53,10,TRUE,'2016-5-27','2024-9-28',13),
      	(54,16,FALSE,NULL,NULL,11),
      	(55,36,TRUE,'2017-5-8','2023-9-28',26),
      	(56,2,FALSE,NULL,NULL,21),
      	(57,37,FALSE,NULL,NULL,12),
      	(58,38,TRUE,'2018-10-14','2025-10-28',25),
      	(59,35,TRUE,'2012-2-18','2022-10-28',28),
      	(60,42,FALSE,NULL,NULL,14);

INSERT INTO profile(profile_id, language, critic, style)
VALUES 	(1,null,3,'Funk'),
      	(2,null,3,'Rap'),
      	(3,null,6,'Country'),
      	(4,null,4,'Rock'),
      	(5,'Russe',7,null),
      	(6,'Arabe',1,null),
      	(7,null,2,'Country'),
      	(8,'Russe',1,null),
      	(9,null,6,'Jazz'),
      	(10,null,4,'Funk'),
      	(11,null,1,'Metal'),
      	(12,'Hindi',5,null),
      	(13,null,1,'Country'),
      	(14,null,5,'Blues'),
      	(15,null,6,'Hip-hop'),
      	(16,null,6,'Rnb'),
      	(17,'Portugais',5,null),
      	(18,'Bengali',5,null),
      	(19,'Anglais',7,null),
      	(20,'Espagnol',4,null),
      	(21,null,6,'Electro'),
      	(22,null,7,'Electro'),
      	(23,null,3,'Hip-hop'),
      	(24,null,7,'Reggae'),
      	(25,null,5,'Rnb'),
      	(26,null,2,'Rock'),
      	(27,null,5,'Electro'),
      	(28,null,7,'Country'),
      	(29,null,1,'Metal'),
      	(30,null,6,'Rap'),
      	(31,null,2,'Rap'),
      	(32,'Arabe',4,null),
      	(33,null,2,'Reggae'),
      	(34,'Ourdou',7,null),
      	(35,'Français',2,null),
      	(36,'Espagnol',7,null),
      	(37,null,5,'Rnb'),
      	(38,'Arabe',3,null),
      	(39,null,5,'Country'),
      	(40,null,6,'Jazz'),
      	(41,'Mandarin',5,null),
      	(42,null,4,'Reggae'),
      	(43,'Hindi',2,null),
      	(44,null,7,'Country'),
      	(45,null,4,'Rap'),
      	(46,null,2,'Soul'),
      	(47,null,1,'Rnb'),
      	(48,null,4,'Rap'),
      	(49,null,5,'Funk'),
      	(50,'Ourdou',4,null),
      	(51,null,2,'Soul'),
      	(52,'Mandarin',6,null),
      	(53,null,5,'Folk'),
      	(54,null,1,'Punk'),
      	(55,'Hindi',3,null),
      	(56,'Russe',3,null),
      	(57,'Ourdou',3,null),
      	(58,null,3,'Country'),
      	(59,null,7,'Reggae'),
      	(60,'Russe',3,null),
      	(61,null,5,'Jazz'),
      	(62,null,3,'Folk'),
      	(63,null,4,'Rnb'),
      	(64,null,5,'Jazz'),
      	(65,null,7,'Punk'),
      	(66,'Russe',4,null),
      	(67,'Anglais',6,null),
      	(68,null,4,'Country'),
      	(69,null,1,'Blues'),
      	(70,null,5,'Rock'),
      	(71,null,6,'Punk'),
      	(72,null,4,'Jazz'),
      	(73,'Anglais',2,null),
      	(74,'Bengali',2,null),
      	(75,null,5,'Pop'),
      	(76,'Hindi',7,null),
      	(77,'Russe',7,null),
      	(78,'Portugais',7,null),
      	(79,null,5,'Pop');

INSERT INTO project(project_id, type_project, date_project, profit_project, description_project)
VALUES 	(1,1,'2013-3-15',66946441,'Role: Figurant'),
      	(2,3,'2013-11-21',4436341,'Album: Ecriture paroles'),
      	(3,3,'2015-11-22',97041975,'Album: Ecriture paroles'),
      	(4,3,'2016-8-25',30661838,'Album: Creation album entier'),
      	(5,2,'2012-4-7',53472587,'Festival: Geneve'),
      	(6,3,'2013-10-18',59450492,'Album: Ecriture paroles'),
      	(7,3,'2011-5-27',95386587,'Album: Creation album entier'),
      	(8,2,'2017-4-25',7872399,'Festival: Bordeaux'),
      	(9,2,'2013-3-27',50113286,'Festival: Geneve'),
      	(10,1,'2011-6-8',29638053,'Role: Premier Role'),
      	(11,1,'2016-4-21',10234330,'Role: Figurant'),
      	(12,1,'2012-2-18',21571267,'Role: Premier Role'),
      	(13,1,'2015-11-3',40000878,'Role: Second Role'),
      	(14,3,'2014-5-14',72206489,'Album: Ecriture paroles'),
      	(15,2,'2018-4-10',36067213,'Festival: Barcelone'),
      	(16,3,'2011-3-11',61809186,'Album: Participation Album'),
      	(17,2,'2014-11-10',99612210,'Festival: Madrid'),
      	(18,3,'2015-1-5',64490007,'Album: Creation album entier'),
      	(19,3,'2012-7-6',33288644,'Album: Ecriture paroles'),
      	(20,2,'2017-6-24',78246806,'Festival: Porto'),
      	(21,1,'2013-12-20',96237443,'Role: Second Role'),
      	(22,1,'2013-1-6',81686454,'Role: Second Role'),
      	(23,3,'2011-12-6',80313978,'Album: Creation album entier'),
      	(24,1,'2010-3-24',32771199,'Role: Premier Role'),
      	(25,3,'2016-9-17',44504611,'Album: Participation Album'),
      	(26,2,'2014-6-3',52140164,'Festival: Valence'),
      	(27,2,'2013-11-8',37767742,'Festival: Porto'),
      	(28,3,'2017-4-25',59898079,'Album: Ecriture paroles'),
      	(29,1,'2015-11-16',89584249,'Role: Premier Role'),
      	(30,3,'2016-2-20',90718569,'Album: Creation album entier'),
      	(31,3,'2011-5-16',1257384,'Album: Creation album entier'),
      	(32,2,'2013-1-12',17258194,'Festival: Rome'),
      	(33,1,'2016-5-4',10998108,'Role: Second Role'),
      	(34,3,'2017-3-15',95287139,'Album: Participation Album'),
      	(35,1,'2014-4-20',66561390,'Role: Figurant'),
      	(36,2,'2017-10-17',75672236,'Festival: Lille'),
      	(37,3,'2014-4-8',46570266,'Album: Ecriture paroles'),
      	(38,1,'2014-6-22',1767492,'Role: Figurant'),
      	(39,2,'2012-5-9',7930252,'Festival: Lille'),
      	(40,2,'2015-4-13',43297267,'Festival: Marseille'),
      	(41,3,'2012-11-26',47798543,'Album: Participation Album'),
      	(42,2,'2011-8-28',26227654,'Festival: Vienne'),
      	(43,1,'2016-9-9',48413062,'Role: Second Role'),
      	(44,3,'2014-12-18',66054850,'Album: Creation album entier'),
      	(45,2,'2016-5-27',3597002,'Festival: Vienne'),
      	(46,3,'2017-3-15',12674001,'Album: Creation album entier'),
      	(47,3,'2012-6-26',55480104,'Album: Creation album entier'),
      	(48,2,'2013-6-20',67979611,'Festival: Valence'),
      	(49,1,'2011-2-13',7639877,'Role: Premier Role'),
      	(50,1,'2011-6-22',7838349,'Role: Second Role'),
      	(51,1,'2015-4-14',41137092,'Role: Second Role'),
      	(52,3,'2010-9-5',43359611,'Album: Ecriture paroles'),
      	(53,1,'2014-2-11',21947875,'Role: Figurant'),
      	(54,1,'2018-12-24',79590848,'Role: Figurant'),
      	(55,3,'2017-2-22',58165965,'Album: Participation Album'),
      	(56,2,'2013-7-24',58209137,'Festival: Porto'),
      	(57,3,'2012-2-22',39906405,'Album: Ecriture paroles'),
      	(58,2,'2013-4-14',7115648,'Festival: Lisbonne'),
      	(59,1,'2011-4-22',94721682,'Role: Figurant'),
      	(60,3,'2015-9-26',43922636,'Album: Ecriture paroles'),
      	(61,3,'2015-10-10',98940216,'Album: Creation album entier'),
      	(62,2,'2011-4-18',18438620,'Festival: Madrid'),
      	(63,3,'2014-2-23',27117095,'Album: Creation album entier'),
      	(64,3,'2015-2-5',98264303,'Album: Creation album entier'),
      	(65,1,'2011-4-13',4730376,'Role: Second Role'),
      	(66,3,'2016-8-13',97847618,'Album: Ecriture paroles'),
      	(67,3,'2014-4-9',76931307,'Album: Ecriture paroles'),
      	(68,1,'2017-2-14',35733173,'Role: Premier Role'),
      	(69,1,'2016-3-10',63305779,'Role: Second Role'),
      	(70,2,'2013-9-19',84936338,'Festival: Barcelone'),
      	(71,2,'2017-1-26',81699714,'Festival: Londres'),
      	(72,2,'2012-11-13',38670731,'Festival: Londres'),
      	(73,1,'2013-11-20',24894054,'Role: Figurant'),
      	(74,2,'2016-11-16',66003950,'Festival: Bordeaux'),
      	(75,1,'2012-12-16',91294242,'Role: Premier Role'),
      	(76,3,'2016-10-7',49118669,'Album: Participation Album'),
      	(77,3,'2013-10-20',73866662,'Album: Participation Album'),
      	(78,1,'2012-11-12',75449977,'Role: Figurant'),
      	(79,2,'2018-4-9',16786097,'Festival: Valence'),
      	(80,2,'2012-5-19',61891126,'Festival: Vienne'),
      	(81,3,'2011-3-10',14821773,'Album: Creation album entier'),
      	(82,2,'2016-2-27',54627993,'Festival: Porto'),
      	(83,3,'2014-1-3',80753557,'Album: Ecriture paroles'),
      	(84,2,'2011-4-17',2171107,'Festival: Bordeaux'),
      	(85,1,'2011-12-20',57329374,'Role: Figurant'),
      	(86,3,'2017-3-13',43635302,'Album: Participation Album'),
      	(87,2,'2016-12-21',11329804,'Festival: Rome'),
      	(88,2,'2013-3-18',95888085,'Festival: Lille'),
      	(89,1,'2013-3-27',95954627,'Role: Second Role'),
      	(90,2,'2012-2-11',75498065,'Festival: Porto'),
      	(91,3,'2013-5-19',89314958,'Album: Participation Album'),
      	(92,2,'2018-12-18',77814493,'Festival: Lisbonne'),
      	(93,2,'2015-11-5',29238227,'Festival: Dublin'),
      	(94,2,'2016-6-20',91320042,'Festival: Geneve'),
      	(95,2,'2016-2-13',89130392,'Festival: Lille'),
      	(96,3,'2013-8-20',19899919,'Album: Creation album entier'),
      	(97,3,'2015-7-19',35385090,'Album: Ecriture paroles'),
      	(98,2,'2014-3-28',42219536,'Festival: Vienne'),
      	(99,3,'2012-4-4',39037502,'Album: Participation Album'),
      	(100,3,'2011-11-26',66461575,'Album: Ecriture paroles'),
      	(101,1,'2016-9-20',29273517,'Role: Premier Role'),
      	(102,3,'2017-10-25',4679406,'Album: Creation album entier'),
      	(103,3,'2012-8-17',9498934,'Album: Creation album entier'),
      	(104,3,'2015-11-17',65092819,'Album: Creation album entier'),
      	(105,2,'2016-5-16',42210275,'Festival: Rome'),
      	(106,2,'2013-10-12',67519386,'Festival: Marseille'),
      	(107,2,'2010-11-27',77015453,'Festival: Lisbonne'),
      	(108,2,'2012-10-15',60322403,'Festival: Marseille'),
      	(109,3,'2014-11-16',72649541,'Album: Participation Album'),
      	(110,3,'2018-9-20',72924672,'Album: Creation album entier'),
      	(111,1,'2015-11-7',68253410,'Role: Premier Role'),
      	(112,3,'2011-11-16',43611694,'Album: Ecriture paroles'),
      	(113,2,'2015-7-8',96394973,'Festival: Barcelone'),
      	(114,2,'2016-3-23',53079099,'Festival: Marseille'),
      	(115,1,'2013-7-27',30966357,'Role: Premier Role'),
      	(116,2,'2016-1-24',58181215,'Festival: Lisbonne'),
      	(117,3,'2011-10-28',24653066,'Album: Creation album entier'),
      	(118,1,'2011-5-23',25396531,'Role: Second Role'),
      	(119,3,'2017-8-5',47129458,'Album: Ecriture paroles'),
      	(120,1,'2013-11-22',54762937,'Role: Premier Role'),
      	(121,2,'2010-8-14',41921828,'Festival: Dublin'),
      	(122,3,'2013-2-10',32611443,'Album: Creation album entier'),
      	(123,2,'2017-6-26',31956030,'Festival: Paris'),
      	(124,1,'2015-7-2',35008054,'Role: Figurant'),
      	(125,2,'2011-6-13',1785051,'Festival: Lille'),
      	(126,1,'2011-6-13',92411300,'Role: Premier Role'),
      	(127,3,'2014-5-4',40114680,'Album: Participation Album'),
      	(128,3,'2014-9-9',50686668,'Album: Ecriture paroles'),
      	(129,3,'2016-11-17',28661767,'Album: Creation album entier'),
      	(130,2,'2014-3-13',24505906,'Festival: Vienne'),
      	(131,3,'2012-5-13',13412319,'Album: Ecriture paroles'),
      	(132,3,'2014-9-18',40881286,'Album: Ecriture paroles'),
      	(133,3,'2012-10-17',57753060,'Album: Participation Album'),
      	(134,3,'2015-9-24',53264706,'Album: Creation album entier'),
      	(135,2,'2014-6-3',87472453,'Festival: Porto'),
      	(136,1,'2017-12-24',84968311,'Role: Figurant'),
      	(137,2,'2014-3-9',27952800,'Festival: Barcelone'),
      	(138,1,'2015-5-22',38285531,'Role: Second Role'),
      	(139,3,'2018-5-22',35731060,'Album: Participation Album'),
      	(140,1,'2017-3-6',63748623,'Role: Second Role'),
      	(141,2,'2013-8-4',31018827,'Festival: Vienne'),
      	(142,2,'2010-2-26',11987248,'Festival: Lisbonne'),
      	(143,1,'2017-8-12',67568018,'Role: Second Role'),
      	(144,3,'2017-11-19',93446989,'Album: Ecriture paroles'),
      	(145,3,'2010-5-22',86229766,'Album: Ecriture paroles'),
      	(146,2,'2012-8-8',13323545,'Festival: Vienne'),
      	(147,2,'2016-9-12',45320650,'Festival: Bordeaux'),
      	(148,2,'2012-7-10',26930272,'Festival: Dublin'),
      	(149,2,'2017-11-8',76581074,'Festival: Bordeaux');

INSERT INTO demand(demand_id, producer_id, project_id, profile_id, start_date_demand, end_date_demand)
VALUES 	(1,3,97,55,'2022-11-26','2023-12-28'),
        (2,19,35,21,'2021-12-4','2023-12-17'),
        (3,6,46,49,'2022-12-25','2025-12-28'),
        (4,4,21,71,'2021-11-8','2021-12-22'),
        (5,14,45,41,'2021-11-25','2025-12-26'),
        (6,14,82,40,'2021-11-23','2026-12-26'),
        (7,17,46,64,'2022-11-26','2024-11-28'),
        (8,4,106,20,'2022-12-28','2024-12-28'),
        (9,18,124,49,'2022-11-20','2023-11-22'),
        (10,8,93,77,'2021-11-22','2022-11-27'),
        (11,4,79,29,'2021-12-20','2021-12-23'),
        (12,14,129,5,'2022-12-23','2024-12-26'),
        (13,1,17,40,'2021-12-8','2022-12-23'),
        (14,12,77,27,'2021-12-14','2024-12-20'),
        (15,11,127,16,'2022-11-18','2023-11-25'),
        (16,1,87,11,'2021-11-15','2021-12-23'),
        (17,16,140,39,'2022-12-24','2022-12-26'),
        (18,20,32,35,'2022-11-23','2024-12-27'),
        (19,9,58,40,'2022-12-16','2025-12-18'),
        (20,6,51,54,'2021-11-26','2026-12-28'),
        (21,5,88,55,'2022-12-6','2024-12-12'),
        (22,8,143,3,'2022-11-5','2025-11-19'),
        (23,11,51,26,'2022-11-4','2024-11-5'),
        (24,5,105,22,'2022-11-25','2025-11-28'),
        (25,19,147,74,'2021-12-12','2024-12-22'),
        (26,1,41,40,'2022-11-12','2023-12-21'),
        (27,20,17,35,'2021-11-19','2026-12-27'),
        (28,16,51,45,'2021-11-25','2023-11-27'),
        (29,2,35,78,'2022-11-18','2025-11-19'),
        (30,14,143,11,'2021-12-14','2022-12-25'),
        (31,13,13,69,'2022-12-11','2023-12-25'),
        (32,18,102,40,'2022-11-25','2025-11-27'),
        (33,2,2,40,'2021-11-11','2024-12-28'),
        (34,1,35,70,'2022-12-25','2023-12-26'),
        (35,18,61,21,'2022-11-22','2025-12-26'),
        (36,11,30,49,'2021-11-13','2021-11-27'),
        (37,3,102,5,'2022-12-18','2025-12-21'),
        (38,20,120,65,'2021-12-19','2023-12-26'),
        (39,5,95,67,'2021-12-27','2024-12-28'),
        (40,16,28,37,'2021-11-8','2022-11-26'),
        (41,14,26,56,'2022-11-6','2023-12-19'),
        (42,17,113,41,'2021-11-12','2023-11-24'),
        (43,12,40,43,'2021-12-16','2024-12-20'),
        (44,11,109,59,'2022-12-20','2025-12-22'),
        (45,6,129,77,'2021-12-11','2025-12-21'),
        (46,1,28,16,'2022-11-25','2024-12-26'),
        (47,15,136,75,'2021-11-21','2022-11-25'),
        (48,1,29,69,'2022-12-3','2026-12-21'),
        (49,16,113,27,'2022-11-23','2023-12-27'),
        (50,5,143,72,'2022-11-19','2024-12-27'),
        (51,20,109,39,'2021-11-20','2023-12-25'),
        (52,17,6,51,'2022-11-12','2022-11-14'),
        (53,8,92,15,'2022-12-19','2024-12-25'),
        (54,6,77,12,'2021-12-23','2022-12-24'),
        (55,1,64,64,'2022-11-20','2023-11-23'),
        (56,16,71,23,'2021-11-19','2022-11-25'),
        (57,12,14,30,'2022-12-7','2024-12-11'),
        (58,20,44,39,'2021-12-5','2024-12-12'),
        (59,15,102,9,'2022-12-6','2023-12-16'),
        (60,10,45,53,'2022-11-21','2024-12-25'),
        (61,16,116,68,'2021-12-8','2026-12-11'),
        (62,20,53,5,'2021-11-21','2022-12-27'),
        (63,8,115,19,'2021-12-4','2021-12-18'),
        (64,9,17,48,'2021-12-27','2024-12-28'),
        (65,10,113,22,'2022-11-3','2024-12-25'),
        (66,12,144,29,'2021-12-21','2024-12-26'),
        (67,7,119,2,'2021-12-19','2026-12-25'),
        (68,6,93,48,'2022-12-5','2024-12-16'),
        (69,4,138,67,'2021-11-19','2025-11-20'),
        (70,15,25,1,'2021-12-17','2022-12-20'),
        (71,1,87,3,'2021-11-25','2024-12-27'),
        (72,14,20,66,'2022-11-12','2023-12-22'),
        (73,2,73,74,'2022-12-22','2023-12-27'),
        (74,19,71,35,'2021-12-2','2023-12-22'),
        (75,14,79,13,'2021-12-13','2026-12-19'),
        (76,18,122,24,'2021-11-3','2025-12-23'),
        (77,2,4,42,'2021-12-18','2021-12-22'),
        (78,3,93,11,'2022-12-25','2025-12-27'),
        (79,11,32,51,'2022-11-26','2025-11-28');


INSERT INTO contract_producer_artist(contract_pa_id, demand_id, artist_id, earning, profit_sharing, start_date_contract_pa, end_date_contract_pa, clause, clause_profit)
VALUES  (1,27,9,97653,26,'2014-7-20','2023-9-10',5655296,631705),
        (2,76,40,83514,27,'2016-5-18','2025-10-17',3561568,380481),
        (3,41,3,19519,7,'2010-11-5','2022-9-13',9709446,903270),
        (4,14,57,85056,24,'2019-5-18','2024-10-7',7961770,8986),
        (5,79,7,68021,18,'2020-8-6','2022-10-5',6589503,620566);

